Cluster,CountryID,Year,AMA exchange rate,IMF based exchange rate,Population,Per capita GNI,"Agriculture, hunting, forestry, fishing (ISIC A-B)",Changes in inventories,Construction (ISIC F),Exports of goods and services,Final consumption expenditure,General government final consumption expenditure,Gross capital formation,Gross fixed capital formation (including Acquisitions less disposals of valuables),Household consumption expenditure (including Non-profit institutions serving households),Imports of goods and services,Manufacturing (ISIC D),"Mining, Manufacturing, Utilities (ISIC C-E)",Other Activities (ISIC J-P),Total Value Added,"Transport, storage and communication (ISIC I)","Wholesale, retail trade, restaurants and hotels (ISIC G-H)",Gross National Income(GNI) in USD,Gross Domestic Product (GDP)
0,432.1270718232044,2006.0303867403316,625.8001776125767,597.7259132344285,15870945.420935016,10909.672606023663,4698950063.869965,928816102.4536616,4224755296.165386,34224159177.64428,54326671093.68425,12400223891.923048,18239075876.782646,17334091068.14742,41933163558.36186,31994897503.077477,10883225767.120161,18220236047.640602,25796248924.66306,69633777500.1287,6355143899.406865,10334803799.880585,73347646649.49878,74884497034.5582
1,840.0,2006.0,1.0,1.0,298348302.2580645,44804.3870967742,136802064516.09677,34688516129.03226,556161290322.5807,1545580645161.2903,11119677419354.838,2020322580645.1614,2868064516129.032,2832903225806.4517,9092258064516.129,1983612903225.8064,1721935483870.9678,2206451612903.2256,7314516129032.258,13541290322580.645,1321322580645.1614,2007258064516.1292,13705806451612.902,13545483870967.742
2,156.0,2006.0,7.227777061290322,7.227777061290322,1312422782.6774194,3961.6774193548385,508870967741.9355,85009484948.70967,370441167877.6774,1239469172331.6453,2962322580645.161,872342913100.1613,2383419354838.7095,2298677419354.839,2089451612903.2258,1091959288113.3549,2548444444444.4443,1941516129032.258,1649363680283.0967,5476096774193.549,396653088264.74194,607383491343.4193,5461709677419.3545,5488032258064.517
3,411.75,2006.0,106.25795909580643,106.26498887460212,176513460.1908602,23012.228494623658,51845167369.58602,9188472426.338709,102495184331.38979,461379213070.2876,1363556451612.9033,331745324341.46234,425203902552.77686,416009606411.19086,1031688172043.0107,444417005905.17206,299502456781.8172,373189107744.38715,751206019696.4972,1670669354838.7097,149356213865.07257,242604882660.6183,1809607526881.7205,1805704301075.2688
